author_pos,mean_norm,median_norm,n
middle,1.0323978101118614,0.7580645158417014,342380
first,0.9859877388557546,0.7413688673302182,99901
last,0.9823141319847744,0.7420005765099988,96249
