is_corresponding,mean_norm,median_norm,n
False,1.0159121703583898,0.7502587991285437,469811
True,1.0074879370579457,0.7613865255474798,68719
