year,mean_norm,median_norm,n
2023,0.9894979754506906,0.7418112510075423,46602
2024,0.9808008131149597,0.742271343865819,29148
2025,0.9880868529510667,0.7334963323389985,24250
