is_international,mean_norm,median_norm,n
True,1.0474137502403826,0.7765273311609966,33383
False,0.956156232079148,0.7258979205829597,66617
